{"accuracy": 0.8044692737430168, "f1_score": 0.7482014388489209}